Date,AAPL,AMZN,NVDA,JPM,PG,PFE,JNJ,KO,XOM,NEE,GOOGL,MSFT,TSLA,NKE,BAC
2018-04-30,43.63525390625,79.04750061035156,59.1777229309082,92.02324676513672,62.69124984741211,26.60463523864746,107.13286590576172,35.616981506347656,57.760536193847656,36.2291145324707,52.54999923706055,89.42437744140625,19.606000900268555,64.39808654785156,25.77375030517578
2018-05-07,44.7651252746582,80.14550018310547,63.0072135925293,96.63163757324219,63.504878997802734,27.10862159729004,109.76396179199219,35.4319953918457,61.05039596557617,35.489479064941406,55.16899871826172,91.81128692626953,20.070667266845703,64.71015167236328,27.19878387451172
2018-05-14,44.39445114135742,78.71849822998047,60.880828857421875,94.3147201538086,63.57410430908203,27.4812068939209,107.17601776123047,35.46562576293945,61.684383392333984,34.542301177978516,53.481998443603516,90.55205535888672,18.454666137695312,67.44306945800781,26.618213653564453
2018-05-21,44.93535614013672,80.50749969482422,61.70760726928711,93.91583251953125,64.31847381591797,27.51204490661621,104.78644561767578,35.65060043334961,59.71928405761719,35.86039733886719,54.20399856567383,92.83211517333984,18.59000015258789,68.322509765625,26.530241012573242
2018-05-28,45.33089828491211,82.0770034790039,63.81155776977539,91.99781036376953,63.57410430908203,27.95155906677246,105.38111114501953,36.25598907470703,62.086517333984375,36.006126403808594,56.75,95.12556457519531,19.454666137695312,68.8047866821289,25.861711502075195
2018-06-04,45.67879104614258,84.19950103759766,64.96581268310547,94.29773712158203,66.80260467529297,28.275413513183594,107.81446075439453,36.95387268066406,63.42945861816406,34.619564056396484,56.635501861572266,95.91835021972656,21.17733383178711,71.02629089355469,26.50615692138672
2018-06-11,44.9973030090332,85.79850006103516,65.7039794921875,91.57345581054688,66.97569274902344,28.03638458251953,106.5543212890625,37.096797943115234,61.19880294799805,35.46592330932617,57.9635009765625,94.50264739990234,23.878000259399414,71.91767120361328,25.861391067504883
2018-06-18,44.0632438659668,85.78350067138672,62.1594352722168,89.74876403808594,67.01896667480469,28.15203857421875,106.75421905517578,36.689170837402344,61.745086669921875,36.52408218383789,58.464500427246094,94.76692199707031,22.242000579833984,69.63231658935547,25.605247497558594
2018-06-25,44.108516693115234,84.98999786376953,58.679290771484375,88.43331146240234,67.56424713134766,27.974693298339844,105.45061492919922,37.20664596557617,62.76936721801758,37.13096237182617,56.45949935913086,93.06806945800781,22.863332748413086,75.55908966064453,24.898651123046875
2018-07-02,44.790000915527344,85.53150177001953,61.262760162353516,88.31449127197266,68.64619445800781,28.614694595336914,109.28314971923828,37.868316650390625,62.46586990356445,37.86011505126953,57.75400161743164,95.47476959228516,20.593332290649414,72.52458190917969,24.757333755493164
2018-07-09,45.59062576293945,90.65149688720703,61.755680084228516,90.75703430175781,68.64619445800781,28.938547134399414,109.43958282470703,37.95314407348633,63.20942306518555,37.68449783325195,60.22100067138672,99.50477600097656,21.257999420166016,73.37804412841797,25.216615676879883
2018-07-16,45.61683654785156,90.68499755859375,62.14457321166992,94.95523071289062,68.10090637207031,28.784332275390625,109.37004852294922,38.41123580932617,61.76026153564453,37.78452682495117,59.89400100708008,100.29756927490234,20.905332565307617,72.9797592163086,26.612146377563477
2018-07-23,45.507232666015625,90.8635025024414,62.424468994140625,99.0084228515625,70.37841796875,29.61708641052246,114.32366943359375,39.20014572143555,62.15480422973633,37.11985397338867,62.644500732421875,101.62835693359375,19.812000274658203,72.91338348388672,27.43356704711914
2018-07-30,49.5604248046875,91.16449737548828,62.44427490234375,99.91290283203125,71.9068603515625,31.259483337402344,114.67127227783203,39.54795455932617,60.84979248046875,38.04684066772461,61.90800094604492,101.96809387207031,23.211332321166992,74.66769409179688,27.83102035522461
2018-08-06,49.45081329345703,94.31500244140625,63.1105842590332,98.75243377685547,71.12081909179688,31.828937530517578,113.6283950805664,39.089866638183594,60.25798034667969,37.99793243408203,62.6254997253418,102.87413787841797,23.69933319091797,76.5547866821289,27.54838752746582
2018-08-13,52.02738571166992,94.11100006103516,60.64105224609375,97.93325805664062,73.09468841552734,32.73099899291992,116.86128234863281,39.53099822998047,59.99032211303711,38.94049835205078,60.79249954223633,101.53392791748047,20.366666793823242,75.62547302246094,27.150922775268555
2018-08-20,51.687828063964844,95.26950073242188,67.42794799804688,97.85646057128906,72.80644989013672,32.97206497192383,118.1474838256836,38.708133697509766,61.03281784057617,38.39140701293945,61.837501525878906,102.70157623291016,21.521333694458008,78.18582916259766,27.283411026000977
2018-08-27,54.43051528930664,100.635498046875,69.5234375,97.7711410522461,72.44835662841797,32.28773880004883,117.05247497558594,37.808937072753906,61.45442581176758,37.81342697143555,61.59000015258789,106.42498016357422,20.110666275024414,77.94876861572266,27.318744659423828
2018-09-03,52.916900634765625,97.60350036621094,67.37560272216797,97.54928588867188,71.54002380371094,32.81654357910156,120.13335418701172,38.78449249267578,62.72690963745117,38.50865173339844,58.87950134277344,102.52157592773438,17.549333572387695,76.3345718383789,27.256916046142578
2018-09-10,53.524261474609375,98.5094985961914,68.5081787109375,96.84957122802734,73.02481842041016,33.40755081176758,122.03177642822266,39.01353073120117,63.562435150146484,38.85545349121094,58.89899826049805,107.41030883789062,19.68000030517578,79.36705017089844,26.953794479370117
2018-09-17,52.046504974365234,95.75050354003906,65.29132843017578,100.56143951416016,74.95501708984375,34.262962341308594,124.99748992919922,39.85013198852539,65.28717041015625,38.20880889892578,58.60599899291992,108.2535400390625,19.940000534057617,81.3253173828125,27.53955078125
2018-09-24,53.978580474853516,100.1500015258789,69.64574432373047,96.28636932373047,72.69292449951172,34.2707405090332,120.87696838378906,39.5164794921875,65.17220306396484,37.501739501953125,60.354000091552734,108.35772705078125,17.65133285522461,80.53631591796875,26.14615249633789
2018-10-01,53.631858825683594,94.48249816894531,66.8799057006836,97.8052749633789,71.74966430664062,34.9239616394043,121.6905746459961,39.25127029418945,65.41748809814453,38.569061279296875,58.39149856567383,106.23548889160156,17.463333129882812,76.1634750366211,26.82954216003418
2018-10-08,53.11058807373047,89.43049621582031,61.10049819946289,91.89952850341797,69.05084228515625,34.045223236083984,117.11516571044922,38.22464370727539,62.3819465637207,37.89554977416992,56.027000427246094,103.81007385253906,17.25200080871582,72.16136169433594,25.258644104003906
2018-10-15,52.44105911254883,88.20149993896484,56.7956428527832,92.72443389892578,76.24765014648438,34.605125427246094,121.64684295654297,39.636253356933594,62.834224700927734,38.812950134277344,55.25899887084961,102.94791412353516,17.333332061767578,70.54532623291016,25.134389877319336
2018-10-22,51.7213020324707,82.1405029296875,49.142601013183594,88.86628723144531,77.41482543945312,33.12759780883789,119.82718658447266,39.28548049926758,59.430721282958984,38.014137268066406,54.1875,101.33726501464844,22.059999465942383,68.51099395751953,23.42148780822754
2018-10-29,49.61227798461914,83.27649688720703,53.26405334472656,93.12830352783203,79.13298797607422,33.38422393798828,123.07283782958984,41.064964294433594,62.81888198852539,37.62480926513672,53.574501037597656,100.57933807373047,23.0939998626709,72.79828643798828,24.752756118774414
2018-11-05,48.892539978027344,85.62149810791016,50.97160339355469,95.62879180908203,81.42389678955078,34.43403625488281,127.14959716796875,42.50223922729492,61.99100112915039,39.50660705566406,53.85100173950195,103.81007385253906,23.367332458496094,72.58914184570312,25.311891555786133
2018-11-12,46.438053131103516,79.67050170898438,40.751007080078125,94.51171875,82.66627502441406,34.09634780883789,127.71824645996094,42.92144775390625,61.140480041503906,40.36359786987305,53.41350173950195,102.59738159179688,23.62066650390625,71.04914855957031,24.628507614135742
2018-11-19,41.341453552246094,75.10299682617188,35.93563461303711,91.6417465209961,80.65733337402344,33.806400299072266,124.42881774902344,41.937599182128906,58.45356369018555,39.678890228271484,51.505001068115234,98.0736312866211,21.722000122070312,67.95964050292969,23.936246871948242
2018-11-26,42.85076141357422,84.50849914550781,40.50318145751953,95.5428695678711,83.27423095703125,36.22786331176758,128.51437377929688,43.11822509765625,61.5586051940918,40.65895080566406,55.48249816894531,105.51456451416016,23.365333557128906,71.41038513183594,25.205394744873047
2018-12-03,40.42963409423828,81.45649719238281,36.619083404541016,88.75459289550781,81.4591293334961,34.41764831542969,128.03851318359375,42.329586029052734,60.11836242675781,41.172950744628906,52.32899856567383,99.73880767822266,23.864667892456055,69.92520904541016,22.569475173950195
2018-12-10,39.70737838745117,79.59549713134766,36.331302642822266,86.17676544189453,85.1510238647461,34.3236083984375,117.09498596191406,42.54515075683594,58.52325439453125,40.80819320678711,52.58549880981445,100.89013671875,24.380666732788086,69.1529312133789,21.84775733947754
2018-12-17,36.1680793762207,68.87249755859375,32.14372253417969,80.91800689697266,80.15508270263672,32.85820388793945,112.77217102050781,41.01891326904297,52.746822357177734,39.20280075073242,49.5625,93.46825408935547,21.31800079345703,69.00038146972656,20.85711669921875
2018-12-24,37.48781204223633,73.9010009765625,33.155879974365234,83.20366668701172,80.34012603759766,33.665348052978516,112.05023193359375,40.69985580444336,52.78553771972656,38.88981246948242,52.33399963378906,95.52354431152344,22.257999420166016,69.92520904541016,21.76743507385254
2018-12-31,35.57537841796875,78.76950073242188,33.786006927490234,86.52046203613281,81.494384765625,33.696693420410156,112.54325866699219,41.01891326904297,55.093021392822266,38.847042083740234,53.903499603271484,96.98889923095703,21.179332733154297,71.17420959472656,22.82947540283203
2019-01-07,36.54240036010742,82.02799987792969,36.92173385620117,86.54741668701172,80.85997772216797,33.602657318115234,114.23365783691406,40.820587158203125,55.534385681152344,39.56306076049805,53.2234992980957,97.81672668457031,23.150667190551758,72.4994888305664,23.231090545654297
2019-01-14,37.629390716552734,84.80999755859375,38.931190490722656,90.60147094726562,80.55157470703125,33.32838439941406,115.06124877929688,41.053409576416016,56.51776123046875,39.648624420166016,55.3650016784668,102.48869323730469,20.150667190551758,76.70415496826172,26.14948081970215
2019-01-21,37.854942321777344,83.52850341796875,39.730010986328125,89.56198120117188,83.12470245361328,31.847291946411133,112.89542388916016,40.84645080566406,55.534385681152344,39.223060607910156,55.07550048828125,101.9748764038086,19.80266761779785,76.85672760009766,26.399375915527344
2019-01-28,39.95692825317383,81.3115005493164,35.904605865478516,89.98644256591797,86.56160736083984,33.602657318115234,118.15147399902344,41.9932975769043,58.786537170410156,40.03814697265625,55.930999755859375,97.79768371582031,20.81399917602539,77.71482849121094,25.328405380249023
2019-02-04,40.890342712402344,79.41100311279297,36.75800704956055,87.80348205566406,86.77474212646484,33.3823127746582,116.5667495727539,42.683128356933594,57.28435134887695,41.20672607421875,55.11899948120117,100.54759216308594,20.386667251586914,78.52523040771484,25.248085021972656
2019-02-11,41.068119049072266,80.39749908447266,39.032894134521484,91.4330825805664,87.45858764648438,33.51668930053711,120.07080078125,39.00978469848633,60.84061050415039,41.43864059448242,55.98149871826172,102.97399139404297,20.525333404541016,81.40462493896484,25.97991943359375
2019-02-18,41.68263244628906,81.5780029296875,39.49184799194336,90.95665740966797,89.03047943115234,33.95936965942383,120.26446533203125,39.044273376464844,61.396484375,42.35954666137695,55.827999114990234,105.59066772460938,19.6473331451416,80.81348419189453,25.95313835144043
2019-02-25,42.16459274291992,83.58650207519531,38.81210708618164,90.46288299560547,87.42304992675781,34.27556610107422,121.80522155761719,39.1305046081543,62.63350296020508,42.23121643066406,57.42599868774414,107.53234100341797,19.652666091918945,83.10177612304688,26.158401489257812
2019-03-04,41.66816711425781,81.04000091552734,37.409278869628906,89.2327880859375,87.39640808105469,32.323062896728516,122.35604095458984,38.66487121582031,61.8584098815918,42.77193832397461,57.49850082397461,105.60208129882812,18.94266700744629,81.05964660644531,25.699918746948242
2019-03-11,44.851539611816406,85.61799621582031,42.169864654541016,92.2993392944336,90.97537231445312,33.02659606933594,121.94834899902344,39.061519622802734,62.75092697143555,43.3476676940918,59.51499938964844,110.76223754882812,18.36199951171875,82.9714126586914,26.282987594604492
2019-03-18,46.039573669433594,88.2385025024414,44.079566955566406,86.41749572753906,90.2826919555664,33.0819206237793,121.33684539794922,39.950504302978516,63.00929641723633,43.957401275634766,60.38249969482422,111.8515853881836,17.635332107543945,78.56475830078125,24.22878646850586
2019-03-25,45.774505615234375,89.0374984741211,44.59114074707031,87.69087982177734,92.40518188476562,33.5720329284668,123.8892593383789,40.75942611694336,63.25983428955078,43.81914138793945,58.84450149536133,112.70207977294922,18.657333374023438,80.49565887451172,24.749065399169922
2019-04-01,47.47342300415039,91.86399841308594,47.419673919677734,91.22518920898438,92.04997253417969,33.98308563232422,120.68989562988281,40.420196533203125,64.58296966552734,43.084739685058594,60.5724983215332,114.56546783447266,18.33066749572754,81.63318634033203,26.08563804626465
2019-04-08,47.924049377441406,92.15299987792969,47.186248779296875,97.0732421875,93.30215454101562,32.97126770019531,120.51261901855469,40.65504837036133,63.35377502441406,43.2592658996582,61.13650131225586,115.57838439941406,17.84666633605957,82.43611907958984,27.063405990600586
2019-04-15,49.126556396484375,93.08450317382812,46.26492691040039,99.03722381591797,94.1813735961914,31.129425048828125,121.87747955322266,41.298709869384766,63.51819610595703,42.921539306640625,62.07350158691406,117.89093017578125,18.21733283996582,85.26556396484375,26.937822341918945
2019-04-22,49.23258972167969,97.53150177001953,44.2260856628418,99.9188232421875,94.67631530761719,31.595809936523438,124.42101287841797,41.97715759277344,63.017120361328125,43.45420455932617,63.87099838256836,124.1213607788086,15.675999641418457,84.4148178100586,27.224872589111328
2019-04-29,51.027896881103516,98.12300109863281,45.447898864746094,101.35909271240234,94.87306213378906,32.71830749511719,125.85674285888672,42.37728500366211,60.6527214050293,43.612876892089844,59.477500915527344,123.17530822753906,17.00200080871582,81.91992950439453,27.54780387878418
2019-05-06,47.51679229736328,94.4990005493164,41.92402267456055,98.2079849243164,94.81047058105469,32.18867492675781,123.23344421386719,41.91627502441406,59.94025421142578,43.46553421020508,58.38199996948242,121.48394775390625,15.968000411987305,80.24712371826172,26.534156799316406
2019-05-13,45.7209587097168,93.44999694824219,38.871971130371094,96.68915557861328,96.09832000732422,33.072296142578125,122.84349822998047,42.79479217529297,60.11257553100586,45.10206604003906,58.43899917602539,122.3821792602539,14.0686674118042,80.83979034423828,25.47566032409668
2019-05-20,43.29461669921875,91.16400146484375,36.04591369628906,95.76390075683594,95.41861724853516,33.45508575439453,123.05619812011719,43.15141296386719,58.679264068603516,46.09713363647461,56.93050003051758,121.07998657226562,12.708666801452637,78.53607940673828,25.27831268310547
2019-05-27,42.351165771484375,88.75350189208984,33.63954544067383,92.49059295654297,92.0379638671875,33.11215591430664,117.0273208618164,42.73390579223633,56.042259216308594,44.927528381347656,55.32500076293945,118.62464141845703,12.343999862670898,73.73751831054688,23.861005783081055
2019-06-03,45.9991569519043,90.20149993896484,36.1740837097168,95.28385162353516,97.27887725830078,34.22865676879883,123.63046264648438,44.78666305541992,59.05936050415039,46.62126922607422,53.41849899291992,126.0290756225586,13.633333206176758,79.95289611816406,24.69524383544922
2019-06-10,46.62570571899414,93.4834976196289,35.960262298583984,95.85991668701172,99.4521713256836,34.10106658935547,125.004638671875,44.630104064941406,58.87723159790039,47.207489013671875,54.314998626708984,127.0361557006836,14.32800006866455,79.98162841796875,25.288637161254883
2019-06-17,48.08683776855469,95.56500244140625,37.73042678833008,95.52822875976562,99.4521713256836,34.8267822265625,126.78926086425781,45.18887710571289,61.52214813232422,47.342063903808594,56.26850128173828,131.37142944335938,14.790666580200195,82.19589233398438,25.360790252685547
2019-06-24,47.8787956237793,94.68150329589844,40.83070373535156,97.58822631835938,98.06590270996094,34.54766845703125,124.28187561035156,44.636627197265625,60.68275451660156,46.728477478027344,54.13999938964844,128.48443603515625,14.897333145141602,80.4704818725586,26.15444564819336
2019-07-01,49.40524673461914,97.14550018310547,39.83622741699219,99.06340026855469,101.1961669921875,35.026161193847656,125.43299102783203,45.679779052734375,60.28679656982422,47.46979522705078,56.63349914550781,131.45773315429688,15.539999961853027,83.2215347290039,26.388935089111328
2019-07-08,49.180274963378906,100.55000305175781,41.6710319519043,101.35584259033203,102.84175109863281,33.81395721435547,119.83812713623047,45.688541412353516,61.47465133666992,47.6112174987793,57.266998291015625,133.2225341796875,16.338666915893555,85.42620849609375,26.56028938293457
2019-07-15,49.00851058959961,98.22599792480469,41.87739562988281,99.8086929321289,102.8596420288086,34.10903549194336,116.27778625488281,45.048622131347656,59.384037017822266,47.839317321777344,56.57749938964844,131.0357208251953,17.211999893188477,82.96273040771484,26.515195846557617
2019-07-22,50.254356384277344,97.15249633789062,43.52573776245117,102.16458129882812,103.27373504638672,34.36423873901367,116.65257263183594,47.4855842590332,59.24150085449219,47.711578369140625,62.26100158691406,135.56275939941406,15.202667236328125,83.91170501708984,27.75076675415039
2019-07-29,49.35445022583008,91.16200256347656,40.07490158081055,99.2724609375,104.81298828125,30.304969787597656,116.95598602294922,45.87262725830078,56.818302154541016,48.2225227355957,59.816001892089844,131.30426025390625,15.62266731262207,77.7769546508789,26.497156143188477
2019-08-05,48.621456146240234,90.37899780273438,38.33207321166992,96.46825408935547,105.11903381347656,29.260305404663086,117.82149505615234,46.828121185302734,56.097686767578125,49.37898635864258,59.44499969482422,132.08119201660156,15.667332649230957,78.5821304321289,25.550189971923828
2019-08-12,50.144187927246094,89.62850189208984,39.66965866088867,94.69256591796875,107.27938079833984,27.89186668395996,117.2147216796875,47.69596862792969,54.08628463745117,49.618492126464844,58.96049880981445,130.56573486328125,14.662667274475098,76.9526138305664,24.377744674682617
2019-08-19,49.206871032714844,87.48100280761719,40.38566970825195,93.19815826416016,105.60511779785156,27.642332077026367,113.97561645507812,47.108642578125,54.109371185302734,50.615291595458984,57.67900085449219,128.36375427246094,14.09333324432373,77.1059799194336,23.87269401550293
2019-08-26,50.68811798095703,88.81449890136719,41.64617156982422,96.57374572753906,108.22454833984375,28.616329193115234,114.53778839111328,48.24822235107422,54.903106689453125,49.97205352783203,59.5265007019043,132.66534423828125,15.040666580200195,80.9977035522461,24.810644149780273
2019-09-02,51.78571319580078,91.67549896240234,44.459754943847656,98.99116516113281,110.60092163085938,29.381044387817383,115.26119995117188,48.41477966308594,56.86735916137695,50.49559783935547,60.316001892089844,133.85862731933594,15.16333293914795,85.23365783691406,25.00905990600586
2019-09-09,53.11884307861328,91.96700286865234,45.27853012084961,105.68962860107422,109.92582702636719,29.711074829101562,117.57161712646484,47.56446838378906,58.23833084106445,50.117130279541016,62.00149917602539,132.14569091796875,16.34666633605957,83.91703796386719,27.38897705078125
2019-09-16,52.87115478515625,89.70800018310547,42.97653579711914,104.52046966552734,110.0338134765625,29.533985137939453,118.35377502441406,47.603172302246094,57.78934860229492,51.77554702758789,61.492000579833984,134.185791015625,16.041332244873047,83.30198669433594,26.862442016601562
2019-09-23,53.13583755493164,86.27249908447266,42.74509048461914,103.48318481445312,112.13117980957031,29.155656814575195,115.61181640625,47.95639419555664,57.308311462402344,53.04629898071289,61.29750061035156,132.54022216796875,16.142000198364258,88.71257019042969,26.644563674926758
2019-09-30,55.12459945678711,86.98249816894531,45.28600311279297,100.75810241699219,111.61808776855469,28.92222023010254,120.16075897216797,48.15947723388672,55.29594802856445,53.580753326416016,60.54800033569336,132.91552734375,15.428667068481445,89.44295501708984,25.754898071289062
2019-10-07,57.3586311340332,86.59600067138672,46.28643798828125,102.91209411621094,108.99866485595703,29.067108154296875,118.06610107421875,47.064544677734375,55.30398178100586,52.651771545410156,60.785499572753906,134.41676330566406,16.525999069213867,90.2214126586914,26.245126724243164
2019-10-14,57.407196044921875,87.87550354003906,47.40632629394531,106.82868194580078,105.74014282226562,29.348848342895508,114.80268859863281,48.37139892578125,54.20558166503906,53.32615280151367,62.22050094604492,132.2322998046875,17.1299991607666,92.35487365722656,27.552385330200195
2019-10-21,59.876766204833984,88.06649780273438,50.90287780761719,111.6756591796875,111.65167236328125,29.598379135131836,115.38705444335938,47.46189880371094,55.52043533325195,54.33541488647461,63.21500015258789,135.4272003173828,21.875333786010742,87.37674713134766,28.79610252380371
2019-10-28,62.12051010131836,89.5719985961914,50.4175910949707,113.24407196044922,112.21333312988281,30.902423858642578,117.94921875,47.59435272216797,55.801048278808594,54.067047119140625,63.61249923706055,138.3045654296875,20.887332916259766,85.70455932617188,28.868724822998047
2019-11-04,63.169551849365234,89.29399871826172,51.70920944213867,115.53021240234375,108.43572998046875,29.82377052307129,119.56741333007812,46.102054595947266,56.73908615112305,50.94060516357422,65.44999694824219,140.4601287841797,22.47599983215332,86.31000518798828,30.19414710998535
2019-11-11,64.72798156738281,86.97450256347656,50.81578063964844,114.77702331542969,109.19668579101562,30.298931121826172,121.31148529052734,46.508235931396484,56.141319274902344,53.083011627197266,66.677001953125,144.31903076171875,23.47800064086914,89.41413116455078,29.89456558227539
2019-11-18,63.758609771728516,87.28600311279297,52.48317337036133,115.89352416992188,108.97022247314453,31.152305603027344,124.12537384033203,46.82612609863281,56.28738021850586,53.5325927734375,64.68350219726562,143.95333862304688,22.202667236328125,89.70243835449219,30.12152099609375
2019-11-25,65.09088897705078,90.04000091552734,53.939029693603516,116.75303649902344,110.5736312866211,31.306726455688477,123.60397338867188,47.1528434753418,55.28123092651367,53.633522033691406,65.20449829101562,146.1715850830078,21.996000289916992,89.84658813476562,30.248615264892578
2019-12-02,65.93357849121094,87.58000183105469,52.84068298339844,119.65946197509766,112.50321960449219,31.11979866027832,127.07643127441406,48.41246032714844,56.400978088378906,54.05187225341797,66.96949768066406,146.5288848876953,22.392667770385742,93.46304321289062,30.566356658935547
2019-12-09,67.01497650146484,88.0469970703125,55.78444290161133,121.22787475585938,113.66275024414062,31.152305603027344,127.981689453125,48.41246032714844,56.17378234863281,54.64222717285156,67.34349822998047,149.2132110595703,23.892667770385742,94.20497131347656,31.436067581176758
2019-12-16,68.05986022949219,89.32499694824219,59.61480712890625,121.60890197753906,113.56309509277344,31.883769989013672,132.2181396484375,48.90174865722656,56.749881744384766,55.970516204833984,67.56099700927734,151.99412536621094,27.03933334350586,96.31510925292969,31.910707473754883
2019-12-23,70.5831069946289,93.48999786376953,58.9921875,123.29249572753906,114.22439575195312,31.956918716430664,131.9375457763672,49.23979187011719,56.70930480957031,55.92439270019531,67.73200225830078,153.49081420898438,28.691999435424805,97.86640167236328,32.26670455932617
2019-12-30,72.44144439697266,93.74849700927734,58.792945861816406,122.58360290527344,111.04472351074219,31.639955520629883,130.60682678222656,48.65264892578125,57.06633377075195,55.419368743896484,68.07599639892578,153.16250610351562,29.534000396728516,98.20365142822266,31.855953216552734
2020-01-06,75.58334350585938,94.15799713134766,60.84760284423828,121.34622192382812,112.30390167236328,32.09508514404297,131.3129119873047,49.399925231933594,56.10074996948242,56.16422653198242,71.447998046875,155.78892517089844,31.876667022705078,97.2208251953125,31.70990562438965
2020-01-13,77.6292495727539,93.23600006103516,62.0828857421875,123.2457046508789,114.51431274414062,32.9240837097168,135.0334014892578,50.654266357421875,55.63013458251953,58.43570327758789,73.97599792480469,161.35072326660156,34.03333282470703,100.71846771240234,31.682518005371094
2020-01-20,77.5269546508789,93.08200073242188,62.381744384765625,118.74215698242188,113.36380767822266,32.363285064697266,134.26397705078125,51.31258010864258,53.812583923339844,60.81556701660156,73.30850219726562,159.361572265625,37.654666900634766,98.30963897705078,30.614578247070312
2020-01-27,75.38362884521484,100.43599700927734,58.882606506347656,118.03765106201172,113.56346130371094,30.266414642333984,134.76181030273438,51.95310592651367,50.404666900634766,61.84870147705078,71.63899993896484,164.37303161621094,43.371334075927734,92.78856658935547,29.966506958007812
2020-02-03,77.94587707519531,103.96399688720703,62.65818405151367,122.3271713256836,114.89392852783203,31.240638732910156,137.4956512451172,52.655879974365234,49.87725067138672,62.157691955566406,73.95549774169922,177.5630340576172,49.871334075927734,95.8140640258789,31.591249465942383
2020-02-10,79.33199310302734,106.74349975585938,72.1718521118164,122.58580017089844,114.94859313964844,29.976232528686523,135.90245056152344,53.33199691772461,49.21189498901367,64.2285385131836,75.9365005493164,178.97280883789062,53.33533477783203,99.76457214355469,31.8103084564209
2020-02-17,76.42678833007812,104.79850006103516,73.23777770996094,121.11432647705078,115.45892333984375,29.327611923217773,135.7213897705078,53.49211883544922,48.667362213134766,64.01407623291016,74.1729965209961,172.44540405273438,60.06666564941406,96.59455108642578,31.36304473876953
2020-02-24,66.73701477050781,94.1875,67.26061248779297,103.5460205078125,103.18399810791016,27.439218521118164,121.73556518554688,47.58512496948242,42.338043212890625,58.288116455078125,66.9625015258789,156.86312866210938,44.53266525268555,86.12088775634766,26.01417350769043
2020-03-02,70.56262969970703,95.05449676513672,66.29656982421875,96.38493347167969,110.86607360839844,28.752880096435547,129.389892578125,49.15972900390625,39.251583099365234,63.01083755493164,64.78700256347656,156.4371337890625,46.89866638183594,85.37430572509766,23.467517852783203
2020-03-09,67.86249542236328,89.25,60.01678466796875,92.6661605834961,103.94947814941406,26.856277465820312,122.33870697021484,43.11928939819336,31.37493324279785,51.360023498535156,60.7135009765625,153.78416442871094,36.44133377075195,73.0261459350586,22.19342613220215
2020-03-16,55.965755462646484,92.30449676513672,51.272438049316406,74.46467590332031,93.34220123291016,23.81842041015625,109.22026824951172,34.37079620361328,26.946884155273438,44.44974136352539,53.410499572753906,132.98655700683594,28.50200080871582,65.17083740234375,18.06890106201172
2020-03-23,60.48225784301758,95.00499725341797,62.9797477722168,81.26905822753906,100.39549255371094,25.370193481445312,112.19924926757812,38.41810989379883,30.411954879760742,53.76853942871094,55.51300048828125,144.94419860839844,34.29066848754883,80.41765594482422,19.8418025970459
2020-03-30,58.9368896484375,95.32949829101562,60.781822204589844,74.95516204833984,104.86988830566406,27.61984634399414,122.22940826416016,39.333465576171875,32.27206802368164,51.378570556640625,54.6349983215332,148.9429931640625,32.000667572021484,76.1953125,18.399599075317383
2020-04-06,65.42601013183594,102.13800048828125,65.52653503417969,92.5928726196289,104.48713684082031,29.05666732788086,128.66110229492188,43.97307586669922,35.49844741821289,56.85857391357422,60.32849884033203,159.89369201660156,38.20000076293945,83.85733795166016,22.836448669433594
2020-04-13,69.04166412353516,118.75,72.84548950195312,85.76284790039062,113.62725067138672,30.304651260375977,138.4908447265625,43.1295166015625,35.57252883911133,57.08575439453125,63.95000076293945,172.9261016845703,50.259334564208984,86.87191772460938,21.385055541992188
2020-04-20,69.08316040039062,120.51100158691406,72.16516876220703,81.73509979248047,108.24158477783203,30.69053840637207,141.07809448242188,40.769325256347656,35.992279052734375,55.56507110595703,63.83000183105469,169.0047607421875,48.34333419799805,85.38397979736328,20.374595642089844
2020-04-27,70.57240295410156,114.302001953125,70.46814727783203,84.02379608154297,107.16544342041016,30.904014587402344,135.0927734375,40.92188262939453,35.50667953491211,52.632667541503906,65.86599731445312,169.02413940429688,46.75466537475586,82.64958953857422,21.20133399963379
2020-05-04,75.71390533447266,118.98049926757812,77.87429809570312,83.5281982421875,106.36734771728516,30.559179306030273,135.46629333496094,41.37956619262695,38.00876998901367,53.2539176940918,69.21700286865234,178.81295776367188,54.62799835205078,87.4033432006836,21.65144920349121
2020-05-11,75.32644653320312,120.48899841308594,84.63504028320312,77.4010238647461,105.1380844116211,31.31149673461914,137.0514373779297,38.82194900512695,34.568397521972656,52.818115234375,68.65299987792969,177.3412322998047,53.27799987792969,84.05059051513672,19.6948299407959
2020-05-18,78.06330108642578,121.84400177001953,89.97286224365234,80.6177978515625,103.2942123413086,31.095905303955078,131.52163696289062,40.410362243652344,37.42009353637695,54.208980560302734,70.66200256347656,177.6800994873047,54.45866775512695,90.58216857910156,20.815519332885742
2020-05-25,77.83072662353516,122.11849975585938,88.47018432617188,87.68209838867188,106.33982849121094,31.668071746826172,136.4512176513672,41.89109420776367,38.15004348754883,59.241600036621094,71.6760025024414,177.9225311279297,55.66666793823242,95.24896240234375,22.15668296813965
2020-06-01,81.15017700195312,124.1500015258789,88.91375732421875,100.22483825683594,108.55064392089844,29.843780517578125,135.12110900878906,44.05384826660156,44.53494644165039,58.96805953979492,72.0009994506836,181.75767517089844,59.04399871826172,99.48697662353516,25.8219051361084
2020-06-08,82.93719482421875,127.2509994506836,89.07901000976562,89.98882293701172,106.06462097167969,27.98631477355957,130.39694213867188,40.92188262939453,39.57636260986328,57.55170822143555,70.64600372314453,182.28201293945312,62.35200119018555,93.40404510498047,22.921710968017578
2020-06-15,85.6103744506836,133.75050354003906,92.3574447631836,88.13262176513672,109.0918960571289,27.712675094604492,131.93800354003906,41.673988342285156,38.57793045043945,56.45619583129883,71.23200225830078,189.4765625,66.72666931152344,92.77442932128906,23.356462478637695
2020-06-22,86.56752014160156,134.64349365234375,91.29786682128906,83.4291000366211,105.70684814453125,26.568342208862305,126.41575622558594,39.45536804199219,36.59785842895508,55.059993743896484,68.12699890136719,190.62222290039062,63.982666015625,90.73064422607422,21.4139461517334
2020-06-29,89.13300323486328,144.51499938964844,95.85777282714844,83.49217224121094,110.88990020751953,28.616527557373047,129.3144989013672,40.64165496826172,36.98379898071289,57.432830810546875,73.49649810791016,200.2635498046875,80.57733154296875,95.34127807617188,21.54344940185547
2020-07-06,93.92367553710938,160.0,104.50390625,87.59028625488281,113.6511459350586,28.052656173706055,130.59873962402344,40.88615417480469,35.78401184082031,60.50959014892578,76.95050048828125,207.4581298828125,102.97666931152344,94.91507720947266,22.21870231628418
2020-07-13,94.32271575927734,148.09849548339844,101.73405456542969,89.30989837646484,115.24732971191406,30.05937385559082,137.0016326904297,42.398441314697266,36.51395797729492,64.1877212524414,75.84249877929688,196.98182678222656,100.05599975585938,93.25872802734375,21.478696823120117
2020-07-20,90.68745422363281,150.44549560546875,101.66421508789062,89.41905212402344,115.55007934570312,31.22858428955078,135.87332153320312,43.910736083984375,36.43844223022461,65.32284545898438,75.4104995727539,195.44776916503906,94.46666717529297,95.34127807617188,22.523956298828125
2020-07-27,104.0484848022461,158.23399353027344,105.85515594482422,87.92691802978516,121.04264831542969,31.908550262451172,133.7084503173828,42.77878189086914,35.3057746887207,65.42774963378906,74.39749908447266,199.04991149902344,95.38400268554688,94.54702758789062,23.014211654663086
2020-08-03,108.80000305175781,158.3730010986328,111.6865463256836,90.41988372802734,123.28589630126953,32.19529342651367,136.3136444091797,43.285892486572266,36.44682693481445,67.0780029296875,74.91850280761719,206.30270385742188,96.84733581542969,98.66363525390625,24.151973724365234
2020-08-10,112.7188720703125,157.4010009765625,115.3215103149414,93.17670440673828,124.71678161621094,31.86873435974121,135.9833984375,43.874507904052734,36.24546813964844,65.3811264038086,75.23149871826172,202.82679748535156,110.04733276367188,103.0902328491211,24.48497200012207
2020-08-17,122.00114440917969,164.23599243164062,126.48567962646484,88.54560852050781,126.87692260742188,32.55534362792969,140.1296844482422,42.814998626708984,35.08682632446289,65.82633209228516,78.77850341796875,206.82704162597656,136.6653289794922,106.30604553222656,23.106712341308594
2020-08-24,122.43031311035156,170.08999633789062,131.1153564453125,93.5042495727539,128.10472106933594,31.74312973022461,140.9369354248047,45.12418746948242,34.81304168701172,65.15968322753906,81.97149658203125,222.7923583984375,147.55999755859375,108.76637268066406,24.327720642089844
2020-08-31,118.65608215332031,164.7310028076172,125.87736511230469,94.1866226196289,127.35697174072266,30.445276260375977,137.21165466308594,46.21992111206055,33.435577392578125,64.96589660644531,79.06050109863281,208.5241241455078,139.44000244140625,109.11408233642578,24.549728393554688
2020-09-07,109.86674499511719,155.81100463867188,121.34626007080078,91.95751190185547,127.52311706542969,30.20244789123535,136.4636993408203,46.23802185058594,31.5704402923584,65.16034698486328,75.78800201416016,198.57725524902344,124.23999786376953,114.55036163330078,23.75202751159668
2020-09-14,104.80502319335938,147.74549865722656,121.59318542480469,89.4827651977539,126.81230926513672,30.671356201171875,137.75648498535156,45.68563461303711,31.818559646606445,64.87220001220703,72.55449676513672,195.0345458984375,147.38333129882812,111.3080062866211,23.481904983520508
2020-09-21,110.14142608642578,154.75650024414062,128.42137145996094,85.042724609375,127.04308319091797,30.185697555541992,134.50601196289062,44.47614669799805,29.636856079101562,66.02008056640625,71.9530029296875,202.26597595214844,135.77999877929688,120.59825134277344,21.87980842590332
2020-09-28,110.86732482910156,156.25,130.30172729492188,89.06421661376953,127.5046615600586,30.462024688720703,135.04159545898438,45.060394287109375,28.21661949157715,65.8678207397461,72.77999877929688,200.67955017089844,138.3633270263672,122.93778228759766,22.550451278686523
2020-10-05,114.74208068847656,164.33250427246094,137.28952026367188,92.0757827758789,131.93576049804688,30.805328369140625,139.40940856933594,46.384090423583984,29.722421646118164,70.9607162475586,75.52249908447266,210.04244995117188,144.6666717529297,127.15091705322266,23.621623992919922
2020-10-12,116.75303649902344,163.635498046875,137.77581787109375,93.21487426757812,133.29278564453125,31.77663230895996,136.7592010498047,45.67203140258789,29.174854278564453,71.59086608886719,78.38500213623047,213.78953552246094,146.55667114257812,124.25801849365234,22.578397750854492
2020-10-19,112.84886169433594,160.22000122070312,135.56874084472656,95.3269271850586,131.43727111816406,31.96920394897461,134.11819458007812,46.119354248046875,29.226184844970703,70.99817657470703,81.64900207519531,210.4512176513672,140.2100067138672,126.18984985351562,23.19315528869629
2020-10-26,106.78656005859375,151.8074951171875,125.03218841552734,90.02841186523438,127.26581573486328,29.70842742919922,126.61075592041016,43.87363815307617,27.908611297607422,68.60167694091797,80.80549621582031,197.0589599609375,129.34666442871094,116.5695571899414,22.07541275024414
2020-11-02,116.4293212890625,165.56849670410156,145.2624053955078,94.54637908935547,132.9561004638672,30.478763580322266,131.35716247558594,45.142555236816406,28.045503616333008,70.95366668701172,87.98650360107422,217.74107360839844,143.31666564941406,125.13172149658203,22.643600463867188
2020-11-09,117.1903076171875,156.4405059814453,132.64346313476562,104.7576904296875,133.9307861328125,32.67020034790039,138.42132568359375,48.794124603271484,30.868877410888672,72.33113098144531,88.61299896240234,210.72369384765625,136.1666717529297,124.52982330322266,25.14920425415039
2020-11-16,115.30361938476562,154.97000122070312,130.5560760498047,105.20763397216797,129.30799865722656,32.72248840332031,135.15243530273438,48.082061767578125,32.36717987060547,70.79437255859375,86.81900024414062,204.7672882080078,163.20333862304688,129.09242248535156,24.972227096557617
2020-11-23,114.56663513183594,159.76699829101562,132.28683471679688,111.31421661376953,128.66746520996094,33.195045471191406,132.97314453125,48.10945510864258,35.2148551940918,70.40079498291016,89.35099792480469,210.02638244628906,195.25332641601562,130.32528686523438,27.002796173095703
2020-11-30,120.12841796875,158.12899780273438,135.24954223632812,112.34269714355469,127.60924530029297,35.96797561645508,139.72726440429688,49.15928268432617,36.52040481567383,68.27378845214844,91.18800354003906,209.1774139404297,199.67999267578125,133.17933654785156,27.282230377197266
2020-12-07,120.28565216064453,155.8209991455078,129.8512725830078,109.78985595703125,126.71812438964844,36.6634407043457,142.21920776367188,49.0847053527832,38.377967834472656,69.4788589477539,88.73999786376953,208.10397338867188,203.3300018310547,133.66131591796875,26.777446746826172
2020-12-14,124.46188354492188,160.08250427246094,132.43319702148438,109.34908294677734,129.066650390625,33.59626770019531,143.66976928710938,49.44353485107422,37.44042205810547,70.14727783203125,86.31099700927734,213.3050994873047,231.6666717529297,133.5348358154297,26.871171951293945
2020-12-21,129.6797637939453,158.63450622558594,129.65672302246094,114.34453582763672,127.8413314819336,33.230712890625,141.77288818359375,49.167518615722656,36.45030975341797,70.58976745605469,86.70800018310547,217.3645477294922,220.58999633789062,137.73699951171875,28.080230712890625
2020-12-28,130.38723754882812,162.84649658203125,130.2678985595703,116.68616485595703,129.15948486328125,32.820560455322266,146.33840942382812,50.455589294433594,36.117347717285156,72.63269805908203,87.63200378417969,217.04254150390625,235.22332763671875,137.6105499267578,28.408275604248047
2021-01-04,129.75836181640625,159.13499450683594,132.48057556152344,124.90478515625,128.83456420898438,33.10587692260742,148.81179809570312,46.99619674682617,39.83247756958008,76.37966918945312,89.8915023803711,214.3102264404297,293.3399963378906,142.35740661621094,30.48898696899414
2021-01-11,124.93357849121094,155.21249389648438,128.31712341308594,128.2275390625,125.11221313476562,32.72248840332031,149.0535430908203,44.80646896362305,41.961666107177734,77.23637390136719,86.38099670410156,207.50872802734375,275.38665771484375,136.88101196289062,30.93886947631836
2021-01-18,136.65650939941406,164.6114959716797,136.8286895751953,123.74180603027344,120.67507934570312,32.5887336730957,152.07553100585938,44.6132698059082,41.5586051940918,79.27934265136719,94.62799835205078,220.48719787597656,282.21331787109375,135.5483856201172,29.570470809936523
2021-01-25,129.66993713378906,160.30999755859375,129.61680603027344,119.00634002685547,119.73136138916016,32.009185791015625,151.6850128173828,44.300445556640625,39.28923034667969,76.1348876953125,91.36799621582031,226.3518829345703,264.510009765625,129.9455108642578,27.789684295654297
2021-02-01,134.3865966796875,167.6074981689453,135.61630249023438,127.61713409423828,121.00142669677734,31.474102020263672,152.9123992919922,45.68052673339844,43.76665115356445,78.7050552368164,104.44149780273438,236.34429931640625,284.07666015625,141.15122985839844,30.33902359008789
2021-02-08,133.219482421875,163.885498046875,149.2891845703125,130.6415252685547,119.18037414550781,31.29384994506836,154.8929443359375,46.63737869262695,44.26609420776367,78.26255798339844,104.75150299072266,239.06687927246094,272.0400085449219,138.24281311035156,31.276281356811523
2021-02-15,127.80686950683594,162.4949951171875,148.9424285888672,136.90309143066406,118.71343231201172,31.041471481323242,151.5455322265625,46.10375213623047,46.66634750366211,73.52709197998047,104.44049835205078,235.14407348632812,260.4333190917969,138.14556884765625,32.37287521362305
2021-02-22,119.33366394042969,154.64649963378906,136.8486328125,136.11692810058594,115.36083221435547,30.185218811035156,147.34266662597656,45.07329559326172,48.44852066040039,69.17760467529297,101.09549713134766,227.2839813232422,225.1666717529297,131.10304260253906,32.53220748901367
2021-03-01,119.49111938476562,150.0229949951172,124.34569549560547,139.5760040283203,117.64884185791016,30.996408462524414,146.05332946777344,46.7293815612793,54.2940673828125,66.90959167480469,104.85350036621094,226.5211181640625,199.31666564941406,129.9757843017578,34.61292266845703
2021-03-08,119.10730743408203,154.47450256347656,128.28219604492188,144.42247009277344,119.66596984863281,31.492136001586914,149.3280792236328,46.33376693725586,55.22080612182617,71.6131591796875,102.5,230.58013916015625,231.2433319091797,136.8961181640625,35.736167907714844
2021-03-15,118.08382415771484,153.7480010986328,128.22415161132812,143.48831176757812,119.54456329345703,32.0239143371582,149.73974609375,47.13688659667969,50.3376350402832,67.0420913696289,101.3479995727539,225.29852294921875,218.2899932861328,134.01104736328125,36.291893005371094
2021-03-22,119.2844467163086,152.60150146484375,128.1593017578125,143.4420928955078,126.4925537109375,32.6728630065918,154.3150177001953,49.2056770324707,51.42475891113281,70.0894775390625,101.23650360107422,231.29409790039062,206.23666381835938,129.62489318847656,36.43319320678711
2021-03-29,121.0460205078125,158.0500030517578,137.86659240722656,142.1657257080078,125.3999252319336,32.71792984008789,152.3501739501953,48.7139892578125,51.139617919921875,71.70779418945312,106.48899841308594,237.03536987304688,220.5833282470703,129.17652893066406,37.196136474609375
2021-04-05,130.88714599609375,168.61000061035156,143.73841857910156,144.54270935058594,127.3517074584961,32.98832321166992,150.8718719482422,49.33555603027344,49.78515625,73.76145935058594,113.53350067138672,250.2393341064453,225.67333984375,132.0226287841797,37.66708755493164
2021-04-12,132.0287322998047,169.9720001220703,158.8359375,142.62161254882812,128.1735382080078,34.7639274597168,151.79815673828125,49.799407958984375,50.48912811279297,76.60061645507812,114.13749694824219,255.0220947265625,246.5933380126953,130.9114990234375,36.87588882446289
2021-04-19,132.18618774414062,167.04400634765625,152.3751678466797,139.72824096679688,125.0824203491211,34.84505081176758,154.86705017089844,50.53229904174805,49.51783752441406,74.04536437988281,114.99649810791016,255.4231414794922,243.13333129882812,126.8957290649414,36.904144287109375
2021-04-26,129.3716278076172,173.37100219726562,149.8223419189453,143.09608459472656,125.39395904541016,34.83603286743164,152.25660705566406,50.077720642089844,51.00595474243164,73.3545150756836,117.67500305175781,246.64979553222656,236.47999572753906,129.26425170898438,38.17572784423828
2021-05-03,128.14151000976562,164.58050537109375,147.85340881347656,150.00852966308594,127.0198974609375,35.67425537109375,157.65524291992188,50.56940460205078,55.630706787109375,70.53427124023438,117.59649658203125,246.9236602783203,224.1233367919922,134.32290649414062,39.72987365722656
2021-05-10,125.63835906982422,161.14500427246094,142.1712646484375,152.58558654785156,129.70785522460938,36.42626190185547,159.26454162597656,50.773502349853516,54.15150451660156,69.19985961914062,113.91899871826172,242.70814514160156,196.5800018310547,132.49049377441406,39.89942169189453
2021-05-17,123.64707946777344,160.1540069580078,149.6451416015625,151.32960510253906,129.69847106933594,36.362548828125,159.95693969726562,50.67145538330078,53.26784896850586,70.44910430908203,114.70649719238281,239.79351806640625,193.6266632080078,129.3032684326172,39.937095642089844
2021-05-24,122.83872985839844,161.15350341796875,162.14990234375,152.79954528808594,126.73795318603516,35.25210952758789,158.3569793701172,51.29301452636719,52.770606994628906,69.29450988769531,117.84249877929688,244.76849365234375,208.4066619873047,133.007080078125,39.92767333984375
2021-05-31,124.10054779052734,160.31100463867188,175.4631805419922,154.84632873535156,127.77176666259766,35.634395599365234,156.2569122314453,52.17434310913086,55.55514907836914,68.46166229248047,119.67849731445312,245.85667419433594,199.68333435058594,130.6189422607422,40.75656509399414
2021-06-07,125.53978729248047,167.3415069580078,177.9286651611328,149.12469482421875,126.74736785888672,36.54458999633789,155.30601501464844,52.100128173828125,56.206077575683594,69.91765594482422,121.51000213623047,252.81707763671875,203.29666137695312,128.8609619140625,39.59444046020508
2021-06-14,128.60560607910156,174.34500122070312,186.091552734375,137.61634826660156,124.08756256103516,35.32492446899414,152.5004119873047,49.88290023803711,54.60587692260742,69.71788024902344,120.11100006103516,254.32672119140625,207.77000427246094,125.41333770751953,36.68113327026367
2021-06-21,131.21791076660156,170.072998046875,190.0078125,143.31936645507812,126.8037338256836,35.47965621948242,154.5999298095703,50.77285385131836,58.45721435546875,70.26968383789062,122.50849914550781,259.8067321777344,223.9566650390625,150.7479705810547,39.367431640625
2021-06-28,137.9705810546875,175.5489959716797,204.544677734375,145.16143798828125,127.72476959228516,36.16230392456055,159.0907440185547,50.641998291015625,57.11014175415039,70.66927337646484,125.25749969482422,272.18829345703125,226.3000030517578,156.01219177246094,38.92286682128906
2021-07-05,143.04733276367188,185.9669952392578,200.1841278076172,145.75466918945312,128.78680419921875,36.0530891418457,159.8157196044922,50.90371322631836,55.35625457763672,71.34474182128906,125.51850128173828,272.47259521484375,218.98333740234375,157.24278259277344,37.87294387817383
2021-07-12,144.3091278076172,178.68150329589844,181.32164001464844,142.14283752441406,132.0574493408203,36.72663116455078,158.26226806640625,52.7170295715332,51.82133102416992,74.13231658935547,126.97000122070312,275.2273254394531,214.74000549316406,156.11962890625,35.867679595947266
2021-07-19,146.4482879638672,182.83200073242188,195.26943969726562,140.95448303222656,131.38079833984375,37.937198638916016,161.73629760742188,53.287193298339844,51.56819534301758,73.44731140136719,133.01499938964844,283.9718933105469,214.4600067138672,162.47772216796875,35.65958786010742
2021-07-26,143.78668212890625,166.37950134277344,194.68038940429688,142.0211944580078,134.51470947265625,38.96572494506836,162.122314453125,53.30588150024414,52.04734420776367,74.11329650878906,134.72650146484375,279.3055419921875,229.06666564941406,163.6008758544922,36.28386688232422
2021-08-02,144.0626983642578,167.2469940185547,203.33660888671875,147.3734130859375,133.7391815185547,41.39432907104492,162.9790802001953,52.94135284423828,52.30953598022461,76.69157409667969,135.73849487304688,283.7659912109375,233.03334045410156,168.76742553710938,37.976985931396484
2021-08-09,147.20083618164062,164.69850158691406,201.55946350097656,149.69398498535156,135.8482208251953,44.5262336730957,165.935302734375,53.492828369140625,51.324100494384766,79.39351654052734,137.7274932861328,287.08935546875,239.05667114257812,167.68331909179688,39.37689208984375
2021-08-16,146.3024139404297,159.99749755859375,207.82945251464844,144.7721710205078,137.21957397460938,44.74666213989258,168.9385986328125,52.94135284423828,48.402374267578125,82.08594512939453,137.42950439453125,298.3728942871094,226.75332641601562,163.8743133544922,38.185081481933594
2021-08-23,146.7071990966797,167.48150634765625,226.0005645751953,152.56658935546875,134.59036254882812,42.79955291748047,162.80958557128906,52.01600646972656,51.183170318603516,79.35546112060547,144.00399780273438,294.3866882324219,237.30667114257812,163.66925048828125,40.190345764160156
2021-08-30,152.33460998535156,173.90249633789062,228.06727600097656,149.23550415039062,136.2360076904297,43.01997756958008,165.77537536621094,53.025474548339844,50.35718536376953,81.89764404296875,143.739501953125,295.78143310546875,244.52333068847656,159.74252319335938,38.82828140258789
2021-09-06,147.07249450683594,173.45750427246094,224.46266174316406,147.24244689941406,136.31167602539062,41.871925354003906,158.13253784179688,51.97862243652344,49.54039001464844,81.17127227783203,140.87600708007812,290.447998046875,245.42333984375,160.03599548339844,38.28569030761719
2021-09-13,144.1995391845703,173.12600708007812,218.69081115722656,147.54183959960938,136.51023864746094,40.31056213378906,156.030029296875,50.88501739501953,50.62334060668945,78.02687072753906,140.8000030517578,294.53399658203125,253.163330078125,153.02178955078125,38.504356384277344
2021-09-20,145.04861450195312,171.2760009765625,220.49826049804688,152.55722045898438,135.76312255859375,40.35648727416992,155.66067504882812,50.751094818115234,52.853477478027344,77.12847137451172,142.21499633789062,294.0232849121094,258.1300048828125,146.3401641845703,40.06354904174805
2021-09-27,140.83299255371094,164.16299438476562,207.12716674804688,156.38426208496094,132.0084686279297,39.42885971069336,151.97657775878906,49.931766510009766,55.91877746582031,75.70441436767578,136.54299926757812,283.9556579589844,258.40667724609375,143.86509704589844,40.95722579956055
2021-10-04,141.0797882080078,164.43099975585938,208.01589965820312,159.2755889892578,134.04183959960938,38.988006591796875,152.41221618652344,50.967689514160156,57.065975189208984,76.66016387939453,139.78550720214844,289.60333251953125,261.8299865722656,149.16737365722656,42.15513610839844
2021-10-11,142.99508666992188,170.4510040283203,218.31137084960938,156.83712768554688,136.58592224121094,38.106300354003906,152.76263427734375,51.30672073364258,57.44224548339844,78.0555419921875,141.3679962158203,298.7967834472656,281.010009765625,154.5772247314453,44.085113525390625
2021-10-18,146.79603576660156,166.77749633789062,226.93917846679688,161.70384216308594,133.19064331054688,39.640098571777344,155.05455017089844,51.278472900390625,57.92866134643555,80.68384552001953,137.56649780273438,303.65869140625,303.2266540527344,159.9283905029297,45.225982666015625
2021-10-25,147.8919219970703,168.6215057373047,255.30906677246094,159.92471313476562,136.07186889648438,40.17280197143555,154.25901794433594,53.086639404296875,59.16762924194336,81.5535659790039,148.04600524902344,325.7190246582031,371.3333435058594,163.65562438964844,45.42563247680664
2021-11-01,149.35308837890625,175.94949340820312,297.1000061035156,158.19265747070312,138.97427368164062,44.645626068115234,154.7798614501953,53.52926254272461,59.67239761352539,81.7447280883789,148.8520050048828,330.08001708984375,407.36334228515625,173.65357971191406,44.655548095703125
2021-11-08,148.29562377929688,176.25750732421875,303.4709167480469,157.0724334716797,139.46910095214844,46.07521057128906,156.27627563476562,53.31266403198242,58.57109069824219,82.49019622802734,148.67799377441406,330.7282409667969,344.47332763671875,165.41651916503906,44.59850311279297
2021-11-15,158.736328125,183.82850646972656,329.38433837890625,151.48086547851562,139.716552734375,47.06657028198242,154.26846313476562,51.91886901855469,56.428462982177734,84.40167999267578,148.92649841308594,337.0046081542969,379.0199890136719,171.08071899414062,43.16291427612305
2021-11-22,155.03855895996094,175.22799682617188,314.585205078125,152.43161010742188,140.33509826660156,50.031394958496094,150.7737579345703,50.60041046142578,56.96791076660156,82.27992248535156,142.18299865722656,324.40594482421875,360.6400146484375,164.36978149414062,43.50516891479492
2021-11-29,160.0117645263672,169.489501953125,306.4966735839844,149.00514221191406,142.62850952148438,50.28155517578125,151.93296813964844,50.42148208618164,56.63307571411133,84.50670623779297,142.00149536132812,317.8426513671875,338.3233337402344,166.54151916503906,41.70830535888672
2021-12-06,177.42279052734375,172.21200561523438,301.5906066894531,150.44541931152344,147.93849182128906,48.90105056762695,157.75746154785156,53.41290283203125,58.6048698425293,86.6666488647461,148.00149536132812,337.060302734375,339.010009765625,165.68441772460938,42.52999496459961
2021-12-13,169.20668029785156,170.0175018310547,277.6514892578125,147.5648651123047,149.84176635742188,55.10865783691406,160.3694305419922,54.78903579711914,55.83320617675781,87.30023956298828,141.72500610351562,318.6199951171875,310.8566589355469,158.13816833496094,41.91860580444336
2021-12-20,174.2886199951172,171.06849670410156,296.0177917480469,148.0355682373047,152.35400390625,54.39524459838867,160.38848876953125,55.25407409667969,56.753997802734375,87.06983184814453,146.91650390625,329.3358154296875,355.6666564941406,162.3621368408203,42.43446350097656
2021-12-27,175.56405639648438,166.7169952392578,293.7307434082031,149.0616455078125,155.66563415527344,54.71025466918945,163.0767364501953,56.193641662597656,56.912105560302734,89.62338256835938,144.8520050048828,330.9397277832031,352.260009765625,163.34214782714844,42.501338958740234
2022-01-03,170.22503662109375,162.5540008544922,272.11865234375,157.35484313964844,154.8662872314453,51.6249885559082,165.82215881347656,57.2565803527832,64.06449127197266,82.9515609741211,137.01699829101562,309.0161437988281,342.32000732421875,153.83583068847656,46.981693267822266
2022-01-10,171.11489868164062,162.13800048828125,269.0726013183594,149.51951599121094,152.07803344726562,50.91157913208008,159.99765014648438,58.26258087158203,66.84545135498047,79.87002563476562,139.48049926757812,305.23760986328125,349.8699951171875,145.2213134765625,45.768463134765625
2022-01-17,160.57530212402344,142.64300537109375,233.43858337402344,137.3886260986328,154.75210571289062,48.91032791137695,157.1664276123047,57.3704719543457,67.12448120117188,79.29403686523438,130.35150146484375,291.2942810058594,314.6333312988281,140.09573364257812,42.912113189697266
2022-01-24,168.4058380126953,143.97799682617188,228.10546875,138.83750915527344,153.55934143066406,50.33714294433594,163.76307678222656,57.7406005859375,70.01705169677734,69.59828186035156,133.3509979248047,303.3286437988281,282.1166687011719,142.9966583251953,43.819644927978516
2022-01-31,170.44256591796875,157.63949584960938,242.87640380859375,144.47206115722656,154.54478454589844,49.478240966796875,163.61056518554688,57.854488372802734,75.71849822998047,72.96780395507812,143.29299926757812,301.0457458496094,307.7733459472656,142.48703002929688,46.12192153930664
2022-02-07,166.94735717773438,153.2935028076172,239.18118286132812,145.7599639892578,149.53138732910156,47.405757904052734,159.87374877929688,57.2186164855957,74.60237884521484,71.95982360839844,134.28250122070312,290.3200988769531,286.6666564941406,137.3810577392578,45.77801513671875
2022-02-14,165.62081909179688,152.60150146484375,236.11514282226562,144.0743408203125,152.9852752685547,45.305259704589844,155.72698974609375,59.3539924621582,72.74929809570312,71.18223571777344,130.4029998779297,283.3238525390625,285.6600036621094,140.09573364257812,43.9056282043457
2022-02-21,163.19540405273438,153.7884979248047,241.2584991455078,140.12539672851562,151.39707946777344,44.54908752441406,159.25942993164062,59.6482048034668,73.20068359375,74.07176971435547,134.45950317382812,293.1587219238281,269.9566650390625,136.02862548828125,43.00764465332031
2022-02-28,161.53225708007812,145.64100646972656,229.0642547607422,127.27482604980469,148.4311065673828,45.41728973388672,162.5980987548828,59.382469177246094,79.07817840576172,76.99968719482422,131.906494140625,285.812744140625,279.42999267578125,128.56076049804688,39.119571685791016
2022-03-07,153.17698669433594,145.52450561523438,220.7526397705078,122.05693817138672,137.02659606933594,46.92964172363281,162.47340393066406,54.96935272216797,79.85870361328125,76.5477523803711,129.87049865722656,276.1594543457031,265.1166687011719,120.4557113647461,38.715660095214844
2022-03-14,162.33413696289062,161.25050354003906,264.23394775390625,132.67263793945312,143.6569061279297,50.88790512084961,167.74046325683594,57.038299560546875,73.98121643066406,79.51119995117188,136.12550354003906,296.23516845703125,301.7966613769531,128.91305541992188,41.18278884887695
2022-03-21,172.9663543701172,164.77349853515625,276.61004638671875,134.3961639404297,146.22100830078125,49.27285385131836,169.7360076904297,58.84245681762695,80.12201690673828,81.0267105102539,141.67300415039062,299.4397888183594,336.8800048828125,131.3294219970703,41.97956085205078
2022-03-28,172.5604705810547,163.55999755859375,266.8210144042969,128.13656616210938,148.38328552246094,48.14326095581055,170.95443725585938,60.12392807006836,78.16598510742188,82.73526763916016,140.15049743652344,305.0996398925781,361.5299987792969,131.1526641845703,39.26284408569336
2022-04-04,168.38279724121094,154.4604949951172,230.9312286376953,126.41307067871094,153.1766357421875,51.50404357910156,174.72483825683594,61.041996002197266,81.66426086425781,83.1020736694336,133.28750610351562,292.823486328125,341.8299865722656,125.8778305053711,38.08207702636719
2022-04-11,163.6309814453125,151.7064971923828,212.342041015625,120.31908416748047,151.71279907226562,49.59026336669922,172.59498596191406,62.18001937866211,82.59527587890625,79.9359130859375,126.7300033569336,275.92279052734375,328.3333435058594,131.09371948242188,36.066139221191406
2022-04-18,160.16612243652344,144.35000610351562,194.93154907226562,120.97733306884766,154.27688598632812,44.93183898925781,174.1684112548828,62.39997482299805,80.05619812011719,71.3834228515625,119.635498046875,270.2037658691406,335.01666259765625,126.78153991699219,36.05654525756836
2022-04-25,156.06765747070312,124.28150177001953,185.26239013671875,113.8699951171875,154.46896362304688,45.80937957763672,173.1322479248047,61.78792190551758,80.16903686523438,68.55510711669922,114.1094970703125,273.6450500488281,290.2533264160156,122.489013671875,34.25178909301758
2022-05-02,155.70138549804688,114.77249908447266,186.5409698486328,118.02946472167969,150.09129333496094,45.781375885009766,169.20834350585938,61.91224670410156,86.22521209716797,69.95480346679688,115.74649810791016,270.89398193359375,288.54998779296875,112.46004486083984,35.9509391784668
2022-05-09,145.84744262695312,113.05500030517578,176.86181640625,113.61241149902344,147.8014373779297,46.60289764404297,169.6688690185547,62.84944152832031,83.56388854980469,67.37745666503906,116.05049896240234,257.4740295410156,256.5299987792969,111.00627899169922,33.762203216552734
2022-05-16,136.4091339111328,107.59100341796875,166.75315856933594,111.94290924072266,136.41952514648438,49.38291549682617,169.79356384277344,58.31647872924805,87.26994323730469,68.74817657470703,108.90799713134766,249.0335693359375,221.3000030517578,106.08511352539062,32.504642486572266
2022-05-23,148.35572814941406,115.14649963378906,187.89944458007812,125.2322006225586,143.0870361328125,50.73819351196289,173.73667907714844,61.8548698425293,92.713623046875,74.74264526367188,112.31649780273438,270.05230712890625,253.2100067138672,113.9334487915039,35.53815460205078
2022-05-30,144.13229370117188,122.3499984741211,186.9904327392578,124.17327117919922,140.36422729492188,50.06997299194336,170.3439178466797,60.21955871582031,94.13867950439453,76.39157104492188,114.54100036621094,266.869873046875,234.51666259765625,118.80549621582031,34.74137496948242
2022-06-06,135.9530792236328,109.6500015258789,169.5500030517578,114.05126190185547,136.57347106933594,47.029998779296875,166.6072235107422,58.727699279785156,95.44021606445312,73.6927719116211,111.1614990234375,250.03857421875,232.22999572753906,112.9749984741211,32.02566146850586
2022-06-13,130.43089294433594,106.22000122070312,158.65577697753906,107.83114624023438,127.34668731689453,43.79240036010742,163.6236572265625,56.83417892456055,81.81676483154297,68.7417221069336,107.14350128173828,244.76084899902344,216.75999450683594,105.69803619384766,30.818788528442383
2022-06-20,140.44422912597656,116.45999908447266,171.1044464111328,111.92383575439453,138.88255310058594,48.554691314697266,176.0117645263672,60.722068786621094,82.55778503417969,75.74114227294922,117.9749984741211,264.57696533203125,245.7066650390625,111.18283081054688,31.195337295532227
2022-06-27,137.73760986328125,109.55999755859375,145.09811401367188,108.80423736572266,140.5758819580078,49.232330322265625,173.33717346191406,62.01279067993164,83.17532348632812,78.20694732666016,108.73750305175781,256.5516357421875,227.26333618164062,99.63226318359375,30.471208572387695
2022-07-04,145.7780303955078,115.54000091552734,158.23617553710938,109.09998321533203,139.5271759033203,50.04172897338867,172.13987731933594,60.81839370727539,81.77875518798828,77.906005859375,119.35350036621094,264.5374450683594,250.76333618164062,106.27902221679688,30.693273544311523
2022-07-11,148.88116455078125,113.55000305175781,157.4768524169922,108.70799255371094,139.57530212402344,48.70527267456055,172.0915985107422,60.20191955566406,80.31571197509766,76.4109878540039,111.77749633789062,253.72508239746094,240.06666564941406,103.09841918945312,31.137401580810547
2022-07-18,152.76751708984375,122.41999816894531,173.03271484375,110.45001220703125,137.60293579101562,48.21586990356445,166.1920166015625,59.325382232666016,82.72879791259766,77.906005859375,107.9000015258789,257.32257080078125,272.24334716796875,107.45081329345703,32.276695251464844
2022-07-25,161.11526489257812,134.9499969482422,181.46505737304688,111.02748107910156,134.5162353515625,47.538230895996094,168.50938415527344,61.810516357421875,92.08660888671875,82.02215576171875,116.31999969482422,277.46478271484375,297.1499938964844,113.1620864868164,32.643585205078125
2022-08-01,163.93087768554688,140.8000030517578,189.71754455566406,111.41246032714844,140.1424560546875,46.73101043701172,165.21681213378906,61.04956817626953,84.03033447265625,85.41022491455078,117.47000122070312,279.6095275878906,288.1700134277344,112.1281509399414,32.78841018676758
2022-08-08,170.85995483398438,143.5500030517578,186.9200897216797,117.54322814941406,142.03077697753906,47.52772521972656,159.60690307617188,61.35780334472656,89.30300903320312,87.82749938964844,121.68000030517578,288.5045166015625,300.0299987792969,114.29449462890625,35.04768371582031
2022-08-15,170.2841339111328,138.22999572753906,178.32789611816406,114.17467498779297,144.9939727783203,46.617191314697266,163.4788055419922,62.77375030517578,90.24744415283203,87.08969116210938,117.20999908447266,282.8116760253906,296.6666564941406,111.42901611328125,34.2559700012207
2022-08-22,162.44105529785156,130.75,162.4523468017578,110.3634033203125,137.789306640625,44.407257080078125,158.61239624023438,60.78949737548828,93.88304901123047,85.48787689208984,110.33999633789062,265.5248107910156,288.0899963378906,106.62366485595703,32.85599136352539
2022-08-29,154.6873321533203,127.51000213623047,136.3460693359375,109.43943786621094,132.82159423828125,43.344974517822266,158.19088745117188,58.90155792236328,91.69593048095703,82.62406158447266,107.8499984741211,253.60992431640625,270.2099914550781,104.12251281738281,32.276695251464844
2022-09-05,156.236083984375,133.27000427246094,143.7393341064453,114.69438171386719,135.53302001953125,45.37469482421875,161.07786560058594,60.02853775024414,92.56886291503906,87.6973876953125,110.6500015258789,261.9295654296875,299.67999267578125,109.58638000488281,33.95686721801758
2022-09-12,149.61415100097656,123.52999877929688,131.89932250976562,112.68289184570312,133.90615844726562,43.6579704284668,162.9150390625,57.350765228271484,89.41288757324219,82.71259307861328,102.80000305175781,242.3982391357422,303.3500061035156,102.82179260253906,33.159942626953125
2022-09-19,149.34609985351562,113.77999877929688,125.08348846435547,105.04109191894531,131.2915802001953,41.80845642089844,162.05963134765625,56.85685729980469,82.25678253173828,80.49819946289062,98.73999786376953,235.64349365234375,275.3299865722656,95.81031036376953,30.83719253540039
2022-09-26,137.2042236328125,113.0,121.3157958984375,100.57535552978516,122.25666046142578,41.504947662353516,158.79356384277344,54.35360336303711,83.75322723388672,76.48890686035156,95.6500015258789,230.67152404785156,265.25,82.08362579345703,29.350242614746094
2022-10-03,139.0806121826172,114.55999755859375,120.68618774414062,101.99976348876953,120.33929443359375,40.13915252685547,155.7218780517578,52.88851547241211,96.9143295288086,74.85006713867188,98.68000030517578,231.9987030029297,223.07000732421875,86.07324981689453,29.884767532348633
2022-10-10,137.38291931152344,106.9000015258789,112.20136260986328,107.97154235839844,121.12367248535156,40.65132522583008,159.86282348632812,53.344539642333984,95.14927673339844,70.01158142089844,96.55999755859375,226.37306213378906,204.99000549316406,86.4583969116211,30.80803871154785
2022-10-17,146.2088623046875,119.31999969482422,124.58380126953125,118.6919937133789,124.51297760009766,42.63362121582031,163.99400329589844,54.29538345336914,101.54756927490234,69.89453125,101.12999725341797,239.80331420898438,214.44000244140625,87.39654541015625,33.966590881347656
2022-10-24,154.61785888671875,103.41000366210938,138.25543212890625,122.4305419921875,131.8722381591797,44.98582458496094,169.9818115234375,58.952598571777344,106.19039154052734,77.09371948242188,96.29000091552734,233.61309814453125,228.52000427246094,92.66008758544922,35.1619758605957
2022-10-31,137.38291931152344,90.9800033569336,141.47344970703125,126.89738464355469,131.11155700683594,44.78664779663086,166.68655395507812,57.49721908569336,107.73480224609375,76.86935424804688,86.58000183105469,219.2716522216797,207.47000122070312,94.59564971923828,35.754817962646484
2022-11-07,148.86788940429688,100.79000091552734,163.17019653320312,131.38365173339844,137.47988891601562,45.53400802612305,164.51890563964844,59.495941162109375,109.30799102783203,81.26884460449219,96.41000366210938,244.74557495117188,195.97000122070312,104.76722717285156,37.32923126220703
2022-11-14,150.44908142089844,94.13999938964844,153.9958038330078,129.96592712402344,139.04026794433594,46.136661529541016,171.27462768554688,59.3213005065918,107.51417541503906,81.16153717041016,97.43000030517578,238.91192626953125,180.19000244140625,104.10557556152344,36.143558502197266
2022-11-21,147.28672790527344,93.41000366210938,162.6005401611328,132.781982421875,143.08753967285156,47.074127197265625,172.2855682373047,60.82518768310547,109.47238159179688,83.24909973144531,97.45999908447266,245.81271362304688,182.86000061035156,104.63884735107422,36.63921356201172
2022-11-28,146.9884033203125,94.12999725341797,168.65682983398438,131.24771118164062,146.8812255859375,48.70034408569336,175.00204467773438,62.435813903808594,106.23298645019531,83.53462982177734,100.44000244140625,253.29168701171875,194.86000061035156,110.80104064941406,35.064796447753906
2022-12-05,141.3698272705078,89.08999633789062,169.94952392578125,128.3345489501953,147.1835479736328,49.47519302368164,171.93011474609375,61.6962890625,100.12163543701172,82.85812377929688,92.83000183105469,243.75674438476562,179.0500030517578,108.38737487792969,31.65288543701172
2022-12-12,133.76231384277344,87.86000061035156,165.6510772705078,125.54761505126953,146.71542358398438,49.16908264160156,171.8616180419922,61.31520080566406,101.24334716796875,82.49535369873047,90.26000213623047,243.0316925048828,150.22999572753906,104.95011901855469,30.9881534576416
2022-12-19,131.12704467773438,85.25,152.00592041015625,127.48002624511719,148.84144592285156,49.58041763305664,173.6323699951172,62.36073684692383,105.0919418334961,82.52476501464844,89.2300033569336,237.11209106445312,123.1500015258789,115.15292358398438,31.740863800048828
2022-12-26,129.20779418945312,84.0,146.08802795410156,130.21841430664062,147.8076934814453,49.01602554321289,172.8203582763672,62.155540466308594,106.6584701538086,81.96591186523438,88.2300033569336,238.19471740722656,123.18000030517578,115.90575408935547,32.37626647949219
2023-01-02,128.89952087402344,86.08000183105469,148.5371551513672,133.94725036621094,150.10926818847656,48.70991134643555,176.3423309326172,61.95034408569336,106.88086700439453,82.01493835449219,87.33999633789062,223.40560913085938,113.05999755859375,123.35477447509766,33.637298583984375
2023-01-09,134.0109405517578,98.12000274658203,168.92991638183594,139.89627075195312,147.14454650878906,45.773155212402344,169.67018127441406,60.02538299560547,109.41436767578125,83.0248031616211,92.12000274658203,237.60870361328125,122.4000015258789,127.63402557373047,34.43888473510742
2023-01-16,137.10365295410156,97.25,178.32655334472656,132.13893127441406,139.43035888671875,43.15208435058594,165.0818634033203,58.70625686645508,109.60775756835938,80.22071075439453,98.0199966430664,238.5919952392578,133.4199981689453,125.42505645751953,33.08987045288086
2023-01-23,145.11883544921875,102.23999786376953,203.57757568359375,137.2648468017578,137.9500274658203,41.889373779296875,164.58291625976562,59.10688018798828,111.79315185546875,74.10267639160156,99.37000274658203,246.47817993164062,177.89999389648438,126.32646942138672,34.65394592285156
2023-01-30,153.64122009277344,103.38999938964844,210.92495727539062,138.01808166503906,139.95201110839844,42.53459548950195,161.0413818359375,58.46196746826172,108.22496795654297,73.21045684814453,104.77999877929688,256.59912109375,189.97999572753906,126.40571594238281,35.6119384765625
2023-02-06,150.17062377929688,97.61000061035156,212.57437133789062,137.9691619873047,135.68307495117188,42.36082458496094,158.6347198486328,58.256771087646484,115.23561096191406,73.27909088134766,94.56999969482422,261.31695556640625,196.88999938964844,121.07649230957031,34.78102493286133
2023-02-13,151.93368530273438,97.19999694824219,213.803955078125,139.14305114746094,137.4004669189453,41.714019775390625,156.91287231445312,58.74533462524414,107.60610961914062,74.58309936523438,94.3499984741211,256.31109619140625,208.30999755859375,123.66185760498047,34.556182861328125
2023-02-20,146.11729431152344,93.5,232.77719116210938,137.861572265625,136.66444396972656,40.304569244384766,153.68617248535156,58.47174072265625,107.91767120361328,71.49466705322266,89.12999725341797,248.15098571777344,196.8800048828125,116.926025390625,33.44178771972656
2023-02-27,150.41981506347656,94.9000015258789,238.81504821777344,140.53213500976562,138.32293701171875,39.725337982177734,151.76473999023438,58.08088302612305,109.92498779296875,72.38687896728516,93.6500015258789,254.19493103027344,197.7899932861328,119.79866027832031,33.392913818359375
2023-03-06,147.90003967285156,90.7300033569336,229.56834411621094,130.7400665283203,134.63302612304688,38.02627182006836,149.39002990722656,57.856143951416016,105.02362823486328,72.04529571533203,90.62999725341797,247.523681640625,173.44000244140625,116.71306610107422,29.782182693481445
2023-03-13,154.373779296875,98.94999694824219,257.20220947265625,123.07077026367188,140.2660369873047,38.711692810058594,150.1487579345703,58.64762496948242,97.28668975830078,74.6701431274414,101.62000274658203,278.23138427734375,180.1300048828125,119.59388732910156,27.371665954589844
2023-03-20,159.60256958007812,98.12999725341797,267.740234375,122.19037628173828,143.98541259765625,38.99164962768555,150.414794921875,59.963958740234375,100.88231658935547,74.68988037109375,105.44000244140625,279.36651611328125,190.41000366210938,119.91177368164062,26.70262336730957
2023-03-27,164.23377990722656,103.29000091552734,277.7183532714844,127.4728012084961,145.91868591308594,39.38745880126953,152.73037719726562,61.07658767700195,106.85554504394531,76.06151580810547,103.7300033569336,287.0633239746094,207.4600067138672,121.82901000976562,28.139095306396484
2023-04-03,163.99476623535156,102.05999755859375,270.3197326660156,124.69462585449219,149.38290405273438,40.06322479248047,162.73175048828125,61.87413787841797,112.10771179199219,77.92654418945312,108.41999816894531,290.34918212890625,185.05999755859375,119.42501831054688,27.391342163085938
2023-04-10,164.54254150390625,102.51000213623047,267.5302734375,136.77452087402344,148.1856231689453,39.763954162597656,163.41165161132812,62.080909729003906,113.08213806152344,76.98909759521484,108.87000274658203,284.91265869140625,185.0,125.11711883544922,29.044269561767578
2023-04-17,164.35330200195312,106.95999908447266,271.13958740234375,138.5590057373047,153.16114807128906,38.8178825378418,160.3077850341797,63.06554412841797,113.04315948486328,77.94627380371094,105.41000366210938,284.5342712402344,165.0800018310547,124.69989776611328,29.388628005981445
2023-04-24,168.9944610595703,105.44999694824219,277.43841552734375,136.2914276123047,154.4261932373047,37.54358673095703,161.30299377441406,63.16400146484375,115.31356811523438,75.6174545288086,107.33999633789062,305.9420471191406,164.30999755859375,125.88202667236328,28.808137893676758
